dataset,polluter,level,model,accuracy,f1_macro,auc_roc,score,grade,completeness,uniqueness,validity,consistency,outlier_ratio,class_balance,feature_correlation,label_consistency,feature_informativeness
SouthGermanCredit,class_balance,0.1,LogisticRegression,0.74,0.6961,0.7813,75.09,B,1.0,1.0,1.0,1.0,0.9313,0.9,1.0,0.1111,0.4211
SouthGermanCredit,class_balance,0.1,MLP,0.74,0.6988,0.7398,75.09,B,1.0,1.0,1.0,1.0,0.9313,0.9,1.0,0.1111,0.4211
SouthGermanCredit,class_balance,0.1,RandomForest,0.735,0.6992,0.7781,75.09,B,1.0,1.0,1.0,1.0,0.9313,0.9,1.0,0.1111,0.4211
SouthGermanCredit,class_balance,0.1,SVC,0.725,0.6925,0.7551,75.09,B,1.0,1.0,1.0,1.0,0.9313,0.9,1.0,0.1111,0.4211
SouthGermanCredit,class_balance,0.1,XGBoost,0.675,0.6339,0.7482,75.09,B,1.0,1.0,1.0,1.0,0.9313,0.9,1.0,0.1111,0.4211
SouthGermanCredit,class_balance,0.25,LogisticRegression,0.745,0.6919,0.7707,73.62,C,1.0,1.0,1.0,1.0,0.9368,0.75,1.0,0.1049,0.4337
SouthGermanCredit,class_balance,0.25,MLP,0.74,0.6934,0.7355,73.62,C,1.0,1.0,1.0,1.0,0.9368,0.75,1.0,0.1049,0.4337
SouthGermanCredit,class_balance,0.25,RandomForest,0.74,0.6702,0.7851,73.62,C,1.0,1.0,1.0,1.0,0.9368,0.75,1.0,0.1049,0.4337
SouthGermanCredit,class_balance,0.25,SVC,0.725,0.6925,0.7474,73.62,C,1.0,1.0,1.0,1.0,0.9368,0.75,1.0,0.1049,0.4337
SouthGermanCredit,class_balance,0.25,XGBoost,0.765,0.7132,0.7882,73.62,C,1.0,1.0,1.0,1.0,0.9368,0.75,1.0,0.1049,0.4337
SouthGermanCredit,class_balance,0.5,LogisticRegression,0.755,0.6568,0.7574,70.01,C,1.0,1.0,1.0,1.0,0.9535,0.5,1.0,0.0644,0.395
SouthGermanCredit,class_balance,0.5,MLP,0.74,0.633,0.7307,70.01,C,1.0,1.0,1.0,1.0,0.9535,0.5,1.0,0.0644,0.395
SouthGermanCredit,class_balance,0.5,RandomForest,0.745,0.5534,0.774,70.01,C,1.0,1.0,1.0,1.0,0.9535,0.5,1.0,0.0644,0.395
SouthGermanCredit,class_balance,0.5,SVC,0.715,0.6739,0.735,70.01,C,1.0,1.0,1.0,1.0,0.9535,0.5,1.0,0.0644,0.395
SouthGermanCredit,class_balance,0.5,XGBoost,0.785,0.6893,0.8023,70.01,C,1.0,1.0,1.0,1.0,0.9535,0.5,1.0,0.0644,0.395
SouthGermanCredit,class_balance,0.75,LogisticRegression,0.73,0.5614,0.7874,68.39,C,1.0,1.0,1.0,1.0,0.9576,0.25,1.0,0.061,0.4884
SouthGermanCredit,class_balance,0.75,MLP,0.755,0.5979,0.7565,68.39,C,1.0,1.0,1.0,1.0,0.9576,0.25,1.0,0.061,0.4884
SouthGermanCredit,class_balance,0.75,RandomForest,0.71,0.4465,0.7678,68.39,C,1.0,1.0,1.0,1.0,0.9576,0.25,1.0,0.061,0.4884
SouthGermanCredit,class_balance,0.75,SVC,0.725,0.6853,0.7357,68.39,C,1.0,1.0,1.0,1.0,0.9576,0.25,1.0,0.061,0.4884
SouthGermanCredit,class_balance,0.75,XGBoost,0.735,0.5462,0.7413,68.39,C,1.0,1.0,1.0,1.0,0.9576,0.25,1.0,0.061,0.4884
SouthGermanCredit,class_balance,0.9,LogisticRegression,0.73,0.5101,0.7729,66.26,C,1.0,1.0,1.0,1.0,0.9576,0.1,1.0,0.0044,0.5386
SouthGermanCredit,class_balance,0.9,MLP,0.72,0.4792,0.7132,66.26,C,1.0,1.0,1.0,1.0,0.9576,0.1,1.0,0.0044,0.5386
SouthGermanCredit,class_balance,0.9,RandomForest,0.7,0.4118,0.715,66.26,C,1.0,1.0,1.0,1.0,0.9576,0.1,1.0,0.0044,0.5386
SouthGermanCredit,class_balance,0.9,SVC,0.715,0.6406,0.7219,66.26,C,1.0,1.0,1.0,1.0,0.9576,0.1,1.0,0.0044,0.5386
SouthGermanCredit,class_balance,0.9,XGBoost,0.73,0.5101,0.7113,66.26,C,1.0,1.0,1.0,1.0,0.9576,0.1,1.0,0.0044,0.5386
SouthGermanCredit,class_balance,0.95,LogisticRegression,0.71,0.4465,0.731,65.82,C,1.0,1.0,1.0,1.0,0.9576,0.05,1.0,0.0,0.5537
SouthGermanCredit,class_balance,0.95,MLP,0.71,0.4606,0.6932,65.82,C,1.0,1.0,1.0,1.0,0.9576,0.05,1.0,0.0,0.5537
SouthGermanCredit,class_balance,0.95,RandomForest,0.7,0.4118,0.6835,65.82,C,1.0,1.0,1.0,1.0,0.9576,0.05,1.0,0.0,0.5537
SouthGermanCredit,class_balance,0.95,SVC,0.735,0.5971,0.7167,65.82,C,1.0,1.0,1.0,1.0,0.9576,0.05,1.0,0.0,0.5537
SouthGermanCredit,class_balance,0.95,XGBoost,0.715,0.463,0.7082,65.82,C,1.0,1.0,1.0,1.0,0.9576,0.05,1.0,0.0,0.5537
SouthGermanCredit,completeness,0.1,LogisticRegression,0.77,0.7116,0.8012,68.76,C,0.9,1.0,1.0,1.0,0.9121,0.6,1.0,0.0872,0.3457
SouthGermanCredit,completeness,0.1,MLP,0.73,0.6534,0.7656,68.76,C,0.9,1.0,1.0,1.0,0.9121,0.6,1.0,0.0872,0.3457
SouthGermanCredit,completeness,0.1,RandomForest,0.775,0.6894,0.8084,68.76,C,0.9,1.0,1.0,1.0,0.9121,0.6,1.0,0.0872,0.3457
SouthGermanCredit,completeness,0.1,SVC,0.705,0.6769,0.7857,68.76,C,0.9,1.0,1.0,1.0,0.9121,0.6,1.0,0.0872,0.3457
SouthGermanCredit,completeness,0.1,XGBoost,0.75,0.6829,0.7319,68.76,C,0.9,1.0,1.0,1.0,0.9121,0.6,1.0,0.0872,0.3457
SouthGermanCredit,completeness,0.25,LogisticRegression,0.735,0.683,0.788,64.74,C,0.75,1.0,1.0,1.0,0.8721,0.6,1.0,0.0518,0.3342
SouthGermanCredit,completeness,0.25,MLP,0.685,0.6366,0.7233,64.74,C,0.75,1.0,1.0,1.0,0.8721,0.6,1.0,0.0518,0.3342
SouthGermanCredit,completeness,0.25,RandomForest,0.77,0.6891,0.7842,64.74,C,0.75,1.0,1.0,1.0,0.8721,0.6,1.0,0.0518,0.3342
SouthGermanCredit,completeness,0.25,SVC,0.67,0.6498,0.7704,64.74,C,0.75,1.0,1.0,1.0,0.8721,0.6,1.0,0.0518,0.3342
SouthGermanCredit,completeness,0.25,XGBoost,0.79,0.745,0.7894,64.74,C,0.75,1.0,1.0,1.0,0.8721,0.6,1.0,0.0518,0.3342
SouthGermanCredit,completeness,0.5,LogisticRegression,0.76,0.692,0.7795,58.9,D,0.5,1.0,1.0,1.0,0.8071,0.6,1.0,0.0797,0.2275
SouthGermanCredit,completeness,0.5,MLP,0.7,0.5828,0.7327,58.9,D,0.5,1.0,1.0,1.0,0.8071,0.6,1.0,0.0797,0.2275
SouthGermanCredit,completeness,0.5,RandomForest,0.785,0.6942,0.7867,58.9,D,0.5,1.0,1.0,1.0,0.8071,0.6,1.0,0.0797,0.2275
SouthGermanCredit,completeness,0.5,SVC,0.695,0.6659,0.772,58.9,D,0.5,1.0,1.0,1.0,0.8071,0.6,1.0,0.0797,0.2275
SouthGermanCredit,completeness,0.5,XGBoost,0.74,0.6533,0.7502,58.9,D,0.5,1.0,1.0,1.0,0.8071,0.6,1.0,0.0797,0.2275
SouthGermanCredit,completeness,0.75,LogisticRegression,0.7,0.6658,0.7702,51.65,D,0.25,0.9938,1.0,1.0,0.7367,0.6,1.0,0.0329,0.1404
SouthGermanCredit,completeness,0.75,MLP,0.7,0.4274,0.6604,51.65,D,0.25,0.9938,1.0,1.0,0.7367,0.6,1.0,0.0329,0.1404
SouthGermanCredit,completeness,0.75,RandomForest,0.705,0.5057,0.7381,51.65,D,0.25,0.9938,1.0,1.0,0.7367,0.6,1.0,0.0329,0.1404
SouthGermanCredit,completeness,0.75,SVC,0.64,0.6338,0.7793,51.65,D,0.25,0.9938,1.0,1.0,0.7367,0.6,1.0,0.0329,0.1404
SouthGermanCredit,completeness,0.75,XGBoost,0.665,0.6135,0.6846,51.65,D,0.25,0.9938,1.0,1.0,0.7367,0.6,1.0,0.0329,0.1404
SouthGermanCredit,completeness,0.9,LogisticRegression,0.735,0.6443,0.7327,44.27,D,0.1,0.7188,1.0,1.0,0.6938,0.6,1.0,0.0,0.2019
SouthGermanCredit,completeness,0.9,MLP,0.7,0.4118,0.5058,44.27,D,0.1,0.7188,1.0,1.0,0.6938,0.6,1.0,0.0,0.2019
SouthGermanCredit,completeness,0.9,RandomForest,0.715,0.5742,0.7065,44.27,D,0.1,0.7188,1.0,1.0,0.6938,0.6,1.0,0.0,0.2019
SouthGermanCredit,completeness,0.9,SVC,0.68,0.6528,0.743,44.27,D,0.1,0.7188,1.0,1.0,0.6938,0.6,1.0,0.0,0.2019
SouthGermanCredit,completeness,0.9,XGBoost,0.585,0.5212,0.5806,44.27,D,0.1,0.7188,1.0,1.0,0.6938,0.6,1.0,0.0,0.2019
SouthGermanCredit,completeness,0.95,LogisticRegression,0.75,0.5766,0.724,38.46,D,0.05,0.4125,1.0,1.0,0.68,0.6,1.0,0.0,0.1876
SouthGermanCredit,completeness,0.95,MLP,0.705,0.5515,0.6496,38.46,D,0.05,0.4125,1.0,1.0,0.68,0.6,1.0,0.0,0.1876
SouthGermanCredit,completeness,0.95,RandomForest,0.715,0.463,0.6666,38.46,D,0.05,0.4125,1.0,1.0,0.68,0.6,1.0,0.0,0.1876
SouthGermanCredit,completeness,0.95,SVC,0.7,0.4118,0.2745,38.46,D,0.05,0.4125,1.0,1.0,0.68,0.6,1.0,0.0,0.1876
SouthGermanCredit,completeness,0.95,XGBoost,0.71,0.5289,0.6867,38.46,D,0.05,0.4125,1.0,1.0,0.68,0.6,1.0,0.0,0.1876
SouthGermanCredit,consistent_repr,0.1,LogisticRegression,0.74,0.674,0.7799,71.16,C,1.0,1.0,1.0,0.9,0.9408,0.6,1.0,0.0869,0.4717
SouthGermanCredit,consistent_repr,0.1,MLP,0.78,0.7272,0.7649,71.16,C,1.0,1.0,1.0,0.9,0.9408,0.6,1.0,0.0869,0.4717
SouthGermanCredit,consistent_repr,0.1,RandomForest,0.755,0.6459,0.7919,71.16,C,1.0,1.0,1.0,0.9,0.9408,0.6,1.0,0.0869,0.4717
SouthGermanCredit,consistent_repr,0.1,SVC,0.7,0.6633,0.7736,71.16,C,1.0,1.0,1.0,0.9,0.9408,0.6,1.0,0.0869,0.4717
SouthGermanCredit,consistent_repr,0.1,XGBoost,0.785,0.7289,0.7825,71.16,C,1.0,1.0,1.0,0.9,0.9408,0.6,1.0,0.0869,0.4717
SouthGermanCredit,consistent_repr,0.25,LogisticRegression,0.735,0.686,0.7955,69.45,C,1.0,1.0,1.0,0.75,0.9408,0.6,1.0,0.0869,0.4504
SouthGermanCredit,consistent_repr,0.25,MLP,0.76,0.7169,0.7798,69.45,C,1.0,1.0,1.0,0.75,0.9408,0.6,1.0,0.0869,0.4504
SouthGermanCredit,consistent_repr,0.25,RandomForest,0.795,0.721,0.8053,69.45,C,1.0,1.0,1.0,0.75,0.9408,0.6,1.0,0.0869,0.4504
SouthGermanCredit,consistent_repr,0.25,SVC,0.69,0.6742,0.7878,69.45,C,1.0,1.0,1.0,0.75,0.9408,0.6,1.0,0.0869,0.4504
SouthGermanCredit,consistent_repr,0.25,XGBoost,0.78,0.721,0.811,69.45,C,1.0,1.0,1.0,0.75,0.9408,0.6,1.0,0.0869,0.4504
SouthGermanCredit,consistent_repr,0.5,LogisticRegression,0.72,0.6667,0.7529,67.21,C,1.0,1.0,1.0,0.5,0.9408,0.6,1.0,0.0869,0.4767
SouthGermanCredit,consistent_repr,0.5,MLP,0.69,0.657,0.7267,67.21,C,1.0,1.0,1.0,0.5,0.9408,0.6,1.0,0.0869,0.4767
SouthGermanCredit,consistent_repr,0.5,RandomForest,0.735,0.617,0.7687,67.21,C,1.0,1.0,1.0,0.5,0.9408,0.6,1.0,0.0869,0.4767
SouthGermanCredit,consistent_repr,0.5,SVC,0.68,0.6506,0.7427,67.21,C,1.0,1.0,1.0,0.5,0.9408,0.6,1.0,0.0869,0.4767
SouthGermanCredit,consistent_repr,0.5,XGBoost,0.685,0.6572,0.7414,67.21,C,1.0,1.0,1.0,0.5,0.9408,0.6,1.0,0.0869,0.4767
SouthGermanCredit,consistent_repr,0.75,LogisticRegression,0.72,0.6667,0.7501,64.7,C,1.0,1.0,1.0,0.25,0.9408,0.6,1.0,0.0869,0.4755
SouthGermanCredit,consistent_repr,0.75,MLP,0.71,0.6278,0.729,64.7,C,1.0,1.0,1.0,0.25,0.9408,0.6,1.0,0.0869,0.4755
SouthGermanCredit,consistent_repr,0.75,RandomForest,0.725,0.5291,0.7051,64.7,C,1.0,1.0,1.0,0.25,0.9408,0.6,1.0,0.0869,0.4755
SouthGermanCredit,consistent_repr,0.75,SVC,0.655,0.6366,0.7327,64.7,C,1.0,1.0,1.0,0.25,0.9408,0.6,1.0,0.0869,0.4755
SouthGermanCredit,consistent_repr,0.75,XGBoost,0.675,0.5803,0.6735,64.7,C,1.0,1.0,1.0,0.25,0.9408,0.6,1.0,0.0869,0.4755
SouthGermanCredit,consistent_repr,0.9,LogisticRegression,0.675,0.4874,0.6636,62.98,C,1.0,1.0,1.0,0.1,0.9408,0.6,1.0,0.0869,0.4533
SouthGermanCredit,consistent_repr,0.9,MLP,0.71,0.4738,0.6733,62.98,C,1.0,1.0,1.0,0.1,0.9408,0.6,1.0,0.0869,0.4533
SouthGermanCredit,consistent_repr,0.9,RandomForest,0.695,0.552,0.6861,62.98,C,1.0,1.0,1.0,0.1,0.9408,0.6,1.0,0.0869,0.4533
SouthGermanCredit,consistent_repr,0.9,SVC,0.65,0.5452,0.6273,62.98,C,1.0,1.0,1.0,0.1,0.9408,0.6,1.0,0.0869,0.4533
SouthGermanCredit,consistent_repr,0.9,XGBoost,0.71,0.5775,0.6781,62.98,C,1.0,1.0,1.0,0.1,0.9408,0.6,1.0,0.0869,0.4533
SouthGermanCredit,consistent_repr,0.95,LogisticRegression,0.725,0.5291,0.6683,62.68,C,1.0,1.0,1.0,0.05,0.9408,0.6,1.0,0.0869,0.4735
SouthGermanCredit,consistent_repr,0.95,MLP,0.71,0.4862,0.7168,62.68,C,1.0,1.0,1.0,0.05,0.9408,0.6,1.0,0.0869,0.4735
SouthGermanCredit,consistent_repr,0.95,RandomForest,0.66,0.6094,0.6555,62.68,C,1.0,1.0,1.0,0.05,0.9408,0.6,1.0,0.0869,0.4735
SouthGermanCredit,consistent_repr,0.95,SVC,0.695,0.5095,0.646,62.68,C,1.0,1.0,1.0,0.05,0.9408,0.6,1.0,0.0869,0.4735
SouthGermanCredit,consistent_repr,0.95,XGBoost,0.635,0.619,0.7012,62.68,C,1.0,1.0,1.0,0.05,0.9408,0.6,1.0,0.0869,0.4735
SouthGermanCredit,feature_accuracy,0.1,LogisticRegression,0.765,0.6802,0.7985,70.09,C,1.0,1.0,1.0,1.0,0.9375,0.6,1.0,0.0661,0.3083
SouthGermanCredit,feature_accuracy,0.1,MLP,0.76,0.7086,0.7554,70.09,C,1.0,1.0,1.0,1.0,0.9375,0.6,1.0,0.0661,0.3083
SouthGermanCredit,feature_accuracy,0.1,RandomForest,0.755,0.6135,0.7969,70.09,C,1.0,1.0,1.0,1.0,0.9375,0.6,1.0,0.0661,0.3083
SouthGermanCredit,feature_accuracy,0.1,SVC,0.715,0.6813,0.7923,70.09,C,1.0,1.0,1.0,1.0,0.9375,0.6,1.0,0.0661,0.3083
SouthGermanCredit,feature_accuracy,0.1,XGBoost,0.765,0.6887,0.7565,70.09,C,1.0,1.0,1.0,1.0,0.9375,0.6,1.0,0.0661,0.3083
SouthGermanCredit,feature_accuracy,0.25,LogisticRegression,0.73,0.6245,0.7852,69.0,C,1.0,1.0,1.0,1.0,0.93,0.6,1.0,0.0274,0.2799
SouthGermanCredit,feature_accuracy,0.25,MLP,0.705,0.6236,0.7174,69.0,C,1.0,1.0,1.0,1.0,0.93,0.6,1.0,0.0274,0.2799
SouthGermanCredit,feature_accuracy,0.25,RandomForest,0.72,0.5357,0.7607,69.0,C,1.0,1.0,1.0,1.0,0.93,0.6,1.0,0.0274,0.2799
SouthGermanCredit,feature_accuracy,0.25,SVC,0.705,0.6702,0.772,69.0,C,1.0,1.0,1.0,1.0,0.93,0.6,1.0,0.0274,0.2799
SouthGermanCredit,feature_accuracy,0.25,XGBoost,0.735,0.6287,0.7542,69.0,C,1.0,1.0,1.0,1.0,0.93,0.6,1.0,0.0274,0.2799
SouthGermanCredit,feature_accuracy,0.5,LogisticRegression,0.75,0.5939,0.7698,67.44,C,1.0,1.0,1.0,1.0,0.8633,0.6,1.0,0.0548,0.1025
SouthGermanCredit,feature_accuracy,0.5,MLP,0.695,0.5444,0.6952,67.44,C,1.0,1.0,1.0,1.0,0.8633,0.6,1.0,0.0548,0.1025
SouthGermanCredit,feature_accuracy,0.5,RandomForest,0.695,0.41,0.7158,67.44,C,1.0,1.0,1.0,1.0,0.8633,0.6,1.0,0.0548,0.1025
SouthGermanCredit,feature_accuracy,0.5,SVC,0.75,0.6933,0.7639,67.44,C,1.0,1.0,1.0,1.0,0.8633,0.6,1.0,0.0548,0.1025
SouthGermanCredit,feature_accuracy,0.5,XGBoost,0.695,0.552,0.7263,67.44,C,1.0,1.0,1.0,1.0,0.8633,0.6,1.0,0.0548,0.1025
SouthGermanCredit,feature_accuracy,0.75,LogisticRegression,0.685,0.4353,0.5762,65.98,C,1.0,1.0,1.0,1.0,0.7671,0.6,1.0,0.0173,0.08
SouthGermanCredit,feature_accuracy,0.75,MLP,0.64,0.4478,0.4586,65.98,C,1.0,1.0,1.0,1.0,0.7671,0.6,1.0,0.0173,0.08
SouthGermanCredit,feature_accuracy,0.75,RandomForest,0.685,0.4065,0.568,65.98,C,1.0,1.0,1.0,1.0,0.7671,0.6,1.0,0.0173,0.08
SouthGermanCredit,feature_accuracy,0.75,SVC,0.57,0.546,0.5874,65.98,C,1.0,1.0,1.0,1.0,0.7671,0.6,1.0,0.0173,0.08
SouthGermanCredit,feature_accuracy,0.75,XGBoost,0.65,0.4072,0.5092,65.98,C,1.0,1.0,1.0,1.0,0.7671,0.6,1.0,0.0173,0.08
SouthGermanCredit,feature_accuracy,0.9,LogisticRegression,0.495,0.4222,0.4126,66.12,C,1.0,1.0,1.0,1.0,0.7188,0.6,1.0,0.0185,0.1158
SouthGermanCredit,feature_accuracy,0.9,MLP,0.43,0.4087,0.4033,66.12,C,1.0,1.0,1.0,1.0,0.7188,0.6,1.0,0.0185,0.1158
SouthGermanCredit,feature_accuracy,0.9,RandomForest,0.675,0.4435,0.452,66.12,C,1.0,1.0,1.0,1.0,0.7188,0.6,1.0,0.0185,0.1158
SouthGermanCredit,feature_accuracy,0.9,SVC,0.33,0.3218,0.3944,66.12,C,1.0,1.0,1.0,1.0,0.7188,0.6,1.0,0.0185,0.1158
SouthGermanCredit,feature_accuracy,0.9,XGBoost,0.565,0.445,0.4046,66.12,C,1.0,1.0,1.0,1.0,0.7188,0.6,1.0,0.0185,0.1158
SouthGermanCredit,feature_accuracy,0.95,LogisticRegression,0.59,0.3822,0.317,65.37,C,1.0,1.0,1.0,1.0,0.6917,0.6,1.0,0.0,0.0912
SouthGermanCredit,feature_accuracy,0.95,MLP,0.6,0.3972,0.3501,65.37,C,1.0,1.0,1.0,1.0,0.6917,0.6,1.0,0.0,0.0912
SouthGermanCredit,feature_accuracy,0.95,RandomForest,0.695,0.41,0.3998,65.37,C,1.0,1.0,1.0,1.0,0.6917,0.6,1.0,0.0,0.0912
SouthGermanCredit,feature_accuracy,0.95,SVC,0.45,0.4164,0.3351,65.37,C,1.0,1.0,1.0,1.0,0.6917,0.6,1.0,0.0,0.0912
SouthGermanCredit,feature_accuracy,0.95,XGBoost,0.705,0.4581,0.4321,65.37,C,1.0,1.0,1.0,1.0,0.6917,0.6,1.0,0.0,0.0912
SouthGermanCredit,none,0.0,LogisticRegression,0.76,0.6991,0.7926,71.44,C,1.0,1.0,1.0,1.0,0.9408,0.6,1.0,0.0869,0.3995
SouthGermanCredit,none,0.0,MLP,0.77,0.7235,0.759,71.44,C,1.0,1.0,1.0,1.0,0.9408,0.6,1.0,0.0869,0.3995
SouthGermanCredit,none,0.0,RandomForest,0.785,0.6988,0.8049,71.44,C,1.0,1.0,1.0,1.0,0.9408,0.6,1.0,0.0869,0.3995
SouthGermanCredit,none,0.0,SVC,0.74,0.674,0.781,71.44,C,1.0,1.0,1.0,1.0,0.9408,0.6,1.0,0.0869,0.3995
SouthGermanCredit,none,0.0,XGBoost,0.795,0.7415,0.8119,71.44,C,1.0,1.0,1.0,1.0,0.9408,0.6,1.0,0.0869,0.3995
SouthGermanCredit,uniqueness,0.1,LogisticRegression,0.755,0.691,0.7868,65.97,C,1.0,0.6667,1.0,1.0,0.9389,0.6,1.0,0.0869,0.3538
SouthGermanCredit,uniqueness,0.1,MLP,0.775,0.7254,0.7585,65.97,C,1.0,0.6667,1.0,1.0,0.9389,0.6,1.0,0.0869,0.3538
SouthGermanCredit,uniqueness,0.1,RandomForest,0.775,0.6799,0.7995,65.97,C,1.0,0.6667,1.0,1.0,0.9389,0.6,1.0,0.0869,0.3538
SouthGermanCredit,uniqueness,0.1,SVC,0.715,0.679,0.7798,65.97,C,1.0,0.6667,1.0,1.0,0.9389,0.6,1.0,0.0869,0.3538
SouthGermanCredit,uniqueness,0.1,XGBoost,0.81,0.759,0.813,65.97,C,1.0,0.6667,1.0,1.0,0.9389,0.6,1.0,0.0869,0.3538
SouthGermanCredit,uniqueness,0.25,LogisticRegression,0.755,0.6945,0.7821,63.69,C,1.0,0.5,1.0,1.0,0.9446,0.6,1.0,0.0869,0.3726
SouthGermanCredit,uniqueness,0.25,MLP,0.735,0.6732,0.7454,63.69,C,1.0,0.5,1.0,1.0,0.9446,0.6,1.0,0.0869,0.3726
SouthGermanCredit,uniqueness,0.25,RandomForest,0.795,0.7285,0.7998,63.69,C,1.0,0.5,1.0,1.0,0.9446,0.6,1.0,0.0869,0.3726
SouthGermanCredit,uniqueness,0.25,SVC,0.72,0.6834,0.7789,63.69,C,1.0,0.5,1.0,1.0,0.9446,0.6,1.0,0.0869,0.3726
SouthGermanCredit,uniqueness,0.25,XGBoost,0.8,0.7433,0.7829,63.69,C,1.0,0.5,1.0,1.0,0.9446,0.6,1.0,0.0869,0.3726
SouthGermanCredit,uniqueness,0.5,LogisticRegression,0.75,0.69,0.7827,60.77,C,1.0,0.3333,1.0,1.0,0.9426,0.6,1.0,0.0869,0.3323
SouthGermanCredit,uniqueness,0.5,MLP,0.74,0.6776,0.7414,60.77,C,1.0,0.3333,1.0,1.0,0.9426,0.6,1.0,0.0869,0.3323
SouthGermanCredit,uniqueness,0.5,RandomForest,0.77,0.6891,0.7986,60.77,C,1.0,0.3333,1.0,1.0,0.9426,0.6,1.0,0.0869,0.3323
SouthGermanCredit,uniqueness,0.5,SVC,0.705,0.6677,0.7764,60.77,C,1.0,0.3333,1.0,1.0,0.9426,0.6,1.0,0.0869,0.3323
SouthGermanCredit,uniqueness,0.5,XGBoost,0.77,0.7148,0.7894,60.77,C,1.0,0.3333,1.0,1.0,0.9426,0.6,1.0,0.0869,0.3323
SouthGermanCredit,uniqueness,0.75,LogisticRegression,0.755,0.6945,0.7869,60.3,C,1.0,0.25,1.0,1.0,0.9396,0.6,1.0,0.0869,0.411
SouthGermanCredit,uniqueness,0.75,MLP,0.735,0.6766,0.739,60.3,C,1.0,0.25,1.0,1.0,0.9396,0.6,1.0,0.0869,0.411
SouthGermanCredit,uniqueness,0.75,RandomForest,0.775,0.6848,0.8015,60.3,C,1.0,0.25,1.0,1.0,0.9396,0.6,1.0,0.0869,0.411
SouthGermanCredit,uniqueness,0.75,SVC,0.725,0.6902,0.777,60.3,C,1.0,0.25,1.0,1.0,0.9396,0.6,1.0,0.0869,0.411
SouthGermanCredit,uniqueness,0.75,XGBoost,0.78,0.7105,0.799,60.3,C,1.0,0.25,1.0,1.0,0.9396,0.6,1.0,0.0869,0.411
SouthGermanCredit,uniqueness,0.9,LogisticRegression,0.75,0.6865,0.7743,58.95,D,1.0,0.2,1.0,1.0,0.9392,0.6,1.0,0.0869,0.3511
SouthGermanCredit,uniqueness,0.9,MLP,0.735,0.6696,0.7549,58.95,D,1.0,0.2,1.0,1.0,0.9392,0.6,1.0,0.0869,0.3511
SouthGermanCredit,uniqueness,0.9,RandomForest,0.765,0.6756,0.7998,58.95,D,1.0,0.2,1.0,1.0,0.9392,0.6,1.0,0.0869,0.3511
SouthGermanCredit,uniqueness,0.9,SVC,0.715,0.6813,0.7711,58.95,D,1.0,0.2,1.0,1.0,0.9392,0.6,1.0,0.0869,0.3511
SouthGermanCredit,uniqueness,0.9,XGBoost,0.76,0.7024,0.8033,58.95,D,1.0,0.2,1.0,1.0,0.9392,0.6,1.0,0.0869,0.3511
SouthGermanCredit,uniqueness,0.95,LogisticRegression,0.765,0.7002,0.7783,58.69,D,1.0,0.1667,1.0,1.0,0.9398,0.6,1.0,0.0869,0.3757
SouthGermanCredit,uniqueness,0.95,MLP,0.735,0.6799,0.7502,58.69,D,1.0,0.1667,1.0,1.0,0.9398,0.6,1.0,0.0869,0.3757
SouthGermanCredit,uniqueness,0.95,RandomForest,0.765,0.6802,0.7878,58.69,D,1.0,0.1667,1.0,1.0,0.9398,0.6,1.0,0.0869,0.3757
SouthGermanCredit,uniqueness,0.95,SVC,0.7,0.6633,0.7695,58.69,D,1.0,0.1667,1.0,1.0,0.9398,0.6,1.0,0.0869,0.3757
SouthGermanCredit,uniqueness,0.95,XGBoost,0.76,0.6956,0.7717,58.69,D,1.0,0.1667,1.0,1.0,0.9398,0.6,1.0,0.0869,0.3757
TelcoCustomerChurn,class_balance,0.1,LogisticRegression,0.7573,0.7212,0.8341,85.57,B,1.0,1.0,1.0,1.0,1.0,0.9003,1.0,0.3283,1.0
TelcoCustomerChurn,class_balance,0.1,MLP,0.6799,0.6425,0.7301,85.57,B,1.0,1.0,1.0,1.0,1.0,0.9003,1.0,0.3283,1.0
TelcoCustomerChurn,class_balance,0.1,RandomForest,0.7374,0.6962,0.8095,85.57,B,1.0,1.0,1.0,1.0,1.0,0.9003,1.0,0.3283,1.0
TelcoCustomerChurn,class_balance,0.1,SVC,0.7282,0.7005,0.835,85.57,B,1.0,1.0,1.0,1.0,1.0,0.9003,1.0,0.3283,1.0
TelcoCustomerChurn,class_balance,0.1,XGBoost,0.7346,0.6972,0.8059,85.57,B,1.0,1.0,1.0,1.0,1.0,0.9003,1.0,0.3283,1.0
TelcoCustomerChurn,class_balance,0.25,LogisticRegression,0.7764,0.7285,0.8347,84.23,B,1.0,1.0,1.0,1.0,1.0,0.7505,1.0,0.3362,1.0
TelcoCustomerChurn,class_balance,0.25,MLP,0.7317,0.6837,0.7715,84.23,B,1.0,1.0,1.0,1.0,1.0,0.7505,1.0,0.3362,1.0
TelcoCustomerChurn,class_balance,0.25,RandomForest,0.7679,0.7161,0.8096,84.23,B,1.0,1.0,1.0,1.0,1.0,0.7505,1.0,0.3362,1.0
TelcoCustomerChurn,class_balance,0.25,SVC,0.7239,0.697,0.8346,84.23,B,1.0,1.0,1.0,1.0,1.0,0.7505,1.0,0.3362,1.0
TelcoCustomerChurn,class_balance,0.25,XGBoost,0.7466,0.697,0.7988,84.23,B,1.0,1.0,1.0,1.0,1.0,0.7505,1.0,0.3362,1.0
TelcoCustomerChurn,class_balance,0.5,LogisticRegression,0.8084,0.7373,0.8348,80.5,B,1.0,1.0,1.0,1.0,1.0,0.5003,1.0,0.275,1.0
TelcoCustomerChurn,class_balance,0.5,MLP,0.7331,0.6413,0.749,80.5,B,1.0,1.0,1.0,1.0,1.0,0.5003,1.0,0.275,1.0
TelcoCustomerChurn,class_balance,0.5,RandomForest,0.7821,0.692,0.8103,80.5,B,1.0,1.0,1.0,1.0,1.0,0.5003,1.0,0.275,1.0
TelcoCustomerChurn,class_balance,0.5,SVC,0.7033,0.6807,0.8305,80.5,B,1.0,1.0,1.0,1.0,1.0,0.5003,1.0,0.275,1.0
TelcoCustomerChurn,class_balance,0.5,XGBoost,0.7708,0.6873,0.8028,80.5,B,1.0,1.0,1.0,1.0,1.0,0.5003,1.0,0.275,1.0
TelcoCustomerChurn,class_balance,0.75,LogisticRegression,0.7743,0.5825,0.8376,76.39,B,1.0,1.0,1.0,1.0,1.0,0.2502,1.0,0.1944,1.0
TelcoCustomerChurn,class_balance,0.75,MLP,0.7551,0.6343,0.7701,76.39,B,1.0,1.0,1.0,1.0,1.0,0.2502,1.0,0.1944,1.0
TelcoCustomerChurn,class_balance,0.75,RandomForest,0.78,0.6266,0.8139,76.39,B,1.0,1.0,1.0,1.0,1.0,0.2502,1.0,0.1944,1.0
TelcoCustomerChurn,class_balance,0.75,SVC,0.7275,0.6999,0.8344,76.39,B,1.0,1.0,1.0,1.0,1.0,0.2502,1.0,0.1944,1.0
TelcoCustomerChurn,class_balance,0.75,XGBoost,0.7708,0.6274,0.8037,76.39,B,1.0,1.0,1.0,1.0,1.0,0.2502,1.0,0.1944,1.0
TelcoCustomerChurn,class_balance,0.9,LogisticRegression,0.7346,0.4235,0.8325,72.37,C,1.0,1.0,1.0,1.0,1.0,0.1003,1.0,0.0684,1.0
TelcoCustomerChurn,class_balance,0.9,MLP,0.7495,0.5755,0.7782,72.37,C,1.0,1.0,1.0,1.0,1.0,0.1003,1.0,0.0684,1.0
TelcoCustomerChurn,class_balance,0.9,RandomForest,0.7431,0.4726,0.7937,72.37,C,1.0,1.0,1.0,1.0,1.0,0.1003,1.0,0.0684,1.0
TelcoCustomerChurn,class_balance,0.9,SVC,0.731,0.7017,0.8302,72.37,C,1.0,1.0,1.0,1.0,1.0,0.1003,1.0,0.0684,1.0
TelcoCustomerChurn,class_balance,0.9,XGBoost,0.7445,0.5003,0.8,72.37,C,1.0,1.0,1.0,1.0,1.0,0.1003,1.0,0.0684,1.0
TelcoCustomerChurn,class_balance,0.95,LogisticRegression,0.7346,0.4235,0.8232,70.76,C,1.0,1.0,1.0,1.0,1.0,0.0502,1.0,0.1099,0.8064
TelcoCustomerChurn,class_balance,0.95,MLP,0.748,0.5004,0.7864,70.76,C,1.0,1.0,1.0,1.0,1.0,0.0502,1.0,0.1099,0.8064
TelcoCustomerChurn,class_balance,0.95,RandomForest,0.7388,0.4452,0.7476,70.76,C,1.0,1.0,1.0,1.0,1.0,0.0502,1.0,0.1099,0.8064
TelcoCustomerChurn,class_balance,0.95,SVC,0.7175,0.689,0.8185,70.76,C,1.0,1.0,1.0,1.0,1.0,0.0502,1.0,0.1099,0.8064
TelcoCustomerChurn,class_balance,0.95,XGBoost,0.7445,0.4756,0.7607,70.76,C,1.0,1.0,1.0,1.0,1.0,0.0502,1.0,0.1099,0.8064
TelcoCustomerChurn,completeness,0.1,LogisticRegression,0.8062,0.7373,0.8317,78.46,B,0.9051,1.0,1.0,1.0,1.0,0.5307,1.0,0.2527,1.0
TelcoCustomerChurn,completeness,0.1,MLP,0.7537,0.6489,0.7632,78.46,B,0.9051,1.0,1.0,1.0,1.0,0.5307,1.0,0.2527,1.0
TelcoCustomerChurn,completeness,0.1,RandomForest,0.7828,0.6947,0.8202,78.46,B,0.9051,1.0,1.0,1.0,1.0,0.5307,1.0,0.2527,1.0
TelcoCustomerChurn,completeness,0.1,SVC,0.7218,0.6954,0.83,78.46,B,0.9051,1.0,1.0,1.0,1.0,0.5307,1.0,0.2527,1.0
TelcoCustomerChurn,completeness,0.1,XGBoost,0.7793,0.7091,0.8147,78.46,B,0.9051,1.0,1.0,1.0,1.0,0.5307,1.0,0.2527,1.0
TelcoCustomerChurn,completeness,0.25,LogisticRegression,0.8055,0.735,0.8318,74.55,C,0.7626,1.0,1.0,1.0,1.0,0.5307,1.0,0.1995,1.0
TelcoCustomerChurn,completeness,0.25,MLP,0.7246,0.651,0.756,74.55,C,0.7626,1.0,1.0,1.0,1.0,0.5307,1.0,0.1995,1.0
TelcoCustomerChurn,completeness,0.25,RandomForest,0.7928,0.7105,0.8217,74.55,C,0.7626,1.0,1.0,1.0,1.0,0.5307,1.0,0.1995,1.0
TelcoCustomerChurn,completeness,0.25,SVC,0.7331,0.7012,0.8325,74.55,C,0.7626,1.0,1.0,1.0,1.0,0.5307,1.0,0.1995,1.0
TelcoCustomerChurn,completeness,0.25,XGBoost,0.78,0.7139,0.8069,74.55,C,0.7626,1.0,1.0,1.0,1.0,0.5307,1.0,0.1995,1.0
TelcoCustomerChurn,completeness,0.5,LogisticRegression,0.7977,0.7213,0.8273,66.91,C,0.525,1.0,1.0,1.0,1.0,0.5307,1.0,0.1889,0.7326
TelcoCustomerChurn,completeness,0.5,MLP,0.7573,0.6737,0.7874,66.91,C,0.525,1.0,1.0,1.0,1.0,0.5307,1.0,0.1889,0.7326
TelcoCustomerChurn,completeness,0.5,RandomForest,0.8006,0.7118,0.8193,66.91,C,0.525,1.0,1.0,1.0,1.0,0.5307,1.0,0.1889,0.7326
TelcoCustomerChurn,completeness,0.5,SVC,0.7566,0.7185,0.8284,66.91,C,0.525,1.0,1.0,1.0,1.0,0.5307,1.0,0.1889,0.7326
TelcoCustomerChurn,completeness,0.5,XGBoost,0.7786,0.6988,0.8079,66.91,C,0.525,1.0,1.0,1.0,1.0,0.5307,1.0,0.1889,0.7326
TelcoCustomerChurn,completeness,0.75,LogisticRegression,0.7984,0.7356,0.82,57.22,D,0.2876,0.9798,1.0,1.0,1.0,0.5307,1.0,0.1425,0.3617
TelcoCustomerChurn,completeness,0.75,MLP,0.7339,0.4309,0.6999,57.22,D,0.2876,0.9798,1.0,1.0,1.0,0.5307,1.0,0.1425,0.3617
TelcoCustomerChurn,completeness,0.75,RandomForest,0.7835,0.6398,0.8108,57.22,D,0.2876,0.9798,1.0,1.0,1.0,0.5307,1.0,0.1425,0.3617
TelcoCustomerChurn,completeness,0.75,SVC,0.7899,0.7385,0.8203,57.22,D,0.2876,0.9798,1.0,1.0,1.0,0.5307,1.0,0.1425,0.3617
TelcoCustomerChurn,completeness,0.75,XGBoost,0.7665,0.6693,0.7677,57.22,D,0.2876,0.9798,1.0,1.0,1.0,0.5307,1.0,0.1425,0.3617
TelcoCustomerChurn,completeness,0.9,LogisticRegression,0.748,0.7134,0.8107,45.9,D,0.1451,0.6013,1.0,1.0,1.0,0.5307,1.0,0.0995,0.168
TelcoCustomerChurn,completeness,0.9,MLP,0.7346,0.4235,0.7779,45.9,D,0.1451,0.6013,1.0,1.0,1.0,0.5307,1.0,0.0995,0.168
TelcoCustomerChurn,completeness,0.9,RandomForest,0.7502,0.5188,0.7975,45.9,D,0.1451,0.6013,1.0,1.0,1.0,0.5307,1.0,0.0995,0.168
TelcoCustomerChurn,completeness,0.9,SVC,0.785,0.6885,0.8058,45.9,D,0.1451,0.6013,1.0,1.0,1.0,0.5307,1.0,0.0995,0.168
TelcoCustomerChurn,completeness,0.9,XGBoost,0.7686,0.6234,0.7472,45.9,D,0.1451,0.6013,1.0,1.0,1.0,0.5307,1.0,0.0995,0.168
TelcoCustomerChurn,completeness,0.95,LogisticRegression,0.7594,0.718,0.8114,39.86,D,0.0976,0.3151,1.0,1.0,1.0,0.5307,1.0,0.0571,0.1734
TelcoCustomerChurn,completeness,0.95,MLP,0.7346,0.4235,0.7653,39.86,D,0.0976,0.3151,1.0,1.0,1.0,0.5307,1.0,0.0571,0.1734
TelcoCustomerChurn,completeness,0.95,RandomForest,0.758,0.6884,0.78,39.86,D,0.0976,0.3151,1.0,1.0,1.0,0.5307,1.0,0.0571,0.1734
TelcoCustomerChurn,completeness,0.95,SVC,0.7488,0.4843,0.8099,39.86,D,0.0976,0.3151,1.0,1.0,1.0,0.5307,1.0,0.0571,0.1734
TelcoCustomerChurn,completeness,0.95,XGBoost,0.692,0.6009,0.6825,39.86,D,0.0976,0.3151,1.0,1.0,1.0,0.5307,1.0,0.0571,0.1734
TelcoCustomerChurn,consistent_repr,0.1,LogisticRegression,0.8084,0.7449,0.8346,79.75,B,1.0,1.0,1.0,0.9001,1.0,0.5307,1.0,0.2721,1.0
TelcoCustomerChurn,consistent_repr,0.1,MLP,0.7303,0.6708,0.7575,79.75,B,1.0,1.0,1.0,0.9001,1.0,0.5307,1.0,0.2721,1.0
TelcoCustomerChurn,consistent_repr,0.1,RandomForest,0.7963,0.7176,0.8244,79.75,B,1.0,1.0,1.0,0.9001,1.0,0.5307,1.0,0.2721,1.0
TelcoCustomerChurn,consistent_repr,0.1,SVC,0.7204,0.6946,0.8347,79.75,B,1.0,1.0,1.0,0.9001,1.0,0.5307,1.0,0.2721,1.0
TelcoCustomerChurn,consistent_repr,0.1,XGBoost,0.7991,0.7298,0.8218,79.75,B,1.0,1.0,1.0,0.9001,1.0,0.5307,1.0,0.2721,1.0
TelcoCustomerChurn,consistent_repr,0.25,LogisticRegression,0.8098,0.7453,0.8346,78.25,B,1.0,1.0,1.0,0.7501,1.0,0.5307,1.0,0.2721,1.0
TelcoCustomerChurn,consistent_repr,0.25,MLP,0.731,0.6719,0.7566,78.25,B,1.0,1.0,1.0,0.7501,1.0,0.5307,1.0,0.2721,1.0
TelcoCustomerChurn,consistent_repr,0.25,RandomForest,0.7899,0.7114,0.8233,78.25,B,1.0,1.0,1.0,0.7501,1.0,0.5307,1.0,0.2721,1.0
TelcoCustomerChurn,consistent_repr,0.25,SVC,0.7104,0.6884,0.8354,78.25,B,1.0,1.0,1.0,0.7501,1.0,0.5307,1.0,0.2721,1.0
TelcoCustomerChurn,consistent_repr,0.25,XGBoost,0.7771,0.701,0.8073,78.25,B,1.0,1.0,1.0,0.7501,1.0,0.5307,1.0,0.2721,1.0
TelcoCustomerChurn,consistent_repr,0.5,LogisticRegression,0.8141,0.7435,0.8355,75.75,B,1.0,1.0,1.0,0.5,1.0,0.5307,1.0,0.2721,1.0
TelcoCustomerChurn,consistent_repr,0.5,MLP,0.7246,0.5922,0.724,75.75,B,1.0,1.0,1.0,0.5,1.0,0.5307,1.0,0.2721,1.0
TelcoCustomerChurn,consistent_repr,0.5,RandomForest,0.7963,0.7015,0.8257,75.75,B,1.0,1.0,1.0,0.5,1.0,0.5307,1.0,0.2721,1.0
TelcoCustomerChurn,consistent_repr,0.5,SVC,0.7282,0.7005,0.835,75.75,B,1.0,1.0,1.0,0.5,1.0,0.5307,1.0,0.2721,1.0
TelcoCustomerChurn,consistent_repr,0.5,XGBoost,0.7644,0.6869,0.8063,75.75,B,1.0,1.0,1.0,0.5,1.0,0.5307,1.0,0.2721,1.0
TelcoCustomerChurn,consistent_repr,0.75,LogisticRegression,0.8048,0.7305,0.8294,73.25,C,1.0,1.0,1.0,0.2501,1.0,0.5307,1.0,0.2721,1.0
TelcoCustomerChurn,consistent_repr,0.75,MLP,0.7346,0.4868,0.6481,73.25,C,1.0,1.0,1.0,0.2501,1.0,0.5307,1.0,0.2721,1.0
TelcoCustomerChurn,consistent_repr,0.75,RandomForest,0.78,0.6195,0.8114,73.25,C,1.0,1.0,1.0,0.2501,1.0,0.5307,1.0,0.2721,1.0
TelcoCustomerChurn,consistent_repr,0.75,SVC,0.7239,0.6967,0.8323,73.25,C,1.0,1.0,1.0,0.2501,1.0,0.5307,1.0,0.2721,1.0
TelcoCustomerChurn,consistent_repr,0.75,XGBoost,0.763,0.6153,0.7781,73.25,C,1.0,1.0,1.0,0.2501,1.0,0.5307,1.0,0.2721,1.0
TelcoCustomerChurn,consistent_repr,0.9,LogisticRegression,0.7807,0.7136,0.8118,71.75,C,1.0,1.0,1.0,0.1001,1.0,0.5307,1.0,0.2721,1.0
TelcoCustomerChurn,consistent_repr,0.9,MLP,0.7367,0.437,0.7343,71.75,C,1.0,1.0,1.0,0.1001,1.0,0.5307,1.0,0.2721,1.0
TelcoCustomerChurn,consistent_repr,0.9,RandomForest,0.736,0.4292,0.747,71.75,C,1.0,1.0,1.0,0.1001,1.0,0.5307,1.0,0.2721,1.0
TelcoCustomerChurn,consistent_repr,0.9,SVC,0.7374,0.7083,0.807,71.75,C,1.0,1.0,1.0,0.1001,1.0,0.5307,1.0,0.2721,1.0
TelcoCustomerChurn,consistent_repr,0.9,XGBoost,0.7708,0.6336,0.7744,71.75,C,1.0,1.0,1.0,0.1001,1.0,0.5307,1.0,0.2721,1.0
TelcoCustomerChurn,consistent_repr,0.95,LogisticRegression,0.7899,0.6881,0.8097,71.25,C,1.0,1.0,1.0,0.0501,1.0,0.5307,1.0,0.2721,1.0
TelcoCustomerChurn,consistent_repr,0.95,MLP,0.7346,0.4235,0.7678,71.25,C,1.0,1.0,1.0,0.0501,1.0,0.5307,1.0,0.2721,1.0
TelcoCustomerChurn,consistent_repr,0.95,RandomForest,0.7523,0.5049,0.811,71.25,C,1.0,1.0,1.0,0.0501,1.0,0.5307,1.0,0.2721,1.0
TelcoCustomerChurn,consistent_repr,0.95,SVC,0.7587,0.7084,0.8028,71.25,C,1.0,1.0,1.0,0.0501,1.0,0.5307,1.0,0.2721,1.0
TelcoCustomerChurn,consistent_repr,0.95,XGBoost,0.7764,0.6188,0.781,71.25,C,1.0,1.0,1.0,0.0501,1.0,0.5307,1.0,0.2721,1.0
TelcoCustomerChurn,feature_accuracy,0.1,LogisticRegression,0.8041,0.7392,0.8315,79.78,B,1.0,1.0,1.0,1.0,0.9999,0.5307,1.0,0.2687,0.9096
TelcoCustomerChurn,feature_accuracy,0.1,MLP,0.7104,0.6306,0.7297,79.78,B,1.0,1.0,1.0,1.0,0.9999,0.5307,1.0,0.2687,0.9096
TelcoCustomerChurn,feature_accuracy,0.1,RandomForest,0.7942,0.7189,0.8138,79.78,B,1.0,1.0,1.0,1.0,0.9999,0.5307,1.0,0.2687,0.9096
TelcoCustomerChurn,feature_accuracy,0.1,SVC,0.7317,0.7026,0.831,79.78,B,1.0,1.0,1.0,1.0,0.9999,0.5307,1.0,0.2687,0.9096
TelcoCustomerChurn,feature_accuracy,0.1,XGBoost,0.7757,0.7042,0.8077,79.78,B,1.0,1.0,1.0,1.0,0.9999,0.5307,1.0,0.2687,0.9096
TelcoCustomerChurn,feature_accuracy,0.25,LogisticRegression,0.7963,0.7345,0.8303,74.78,C,1.0,1.0,1.0,1.0,0.9992,0.5307,1.0,0.1884,0.5707
TelcoCustomerChurn,feature_accuracy,0.25,MLP,0.7509,0.6741,0.7495,74.78,C,1.0,1.0,1.0,1.0,0.9992,0.5307,1.0,0.1884,0.5707
TelcoCustomerChurn,feature_accuracy,0.25,RandomForest,0.7842,0.7066,0.8187,74.78,C,1.0,1.0,1.0,1.0,0.9992,0.5307,1.0,0.1884,0.5707
TelcoCustomerChurn,feature_accuracy,0.25,SVC,0.7097,0.6854,0.8305,74.78,C,1.0,1.0,1.0,1.0,0.9992,0.5307,1.0,0.1884,0.5707
TelcoCustomerChurn,feature_accuracy,0.25,XGBoost,0.7679,0.6991,0.8059,74.78,C,1.0,1.0,1.0,1.0,0.9992,0.5307,1.0,0.1884,0.5707
TelcoCustomerChurn,feature_accuracy,0.5,LogisticRegression,0.7899,0.7254,0.822,70.4,C,1.0,1.0,1.0,1.0,0.9945,0.5307,1.0,0.1536,0.2045
TelcoCustomerChurn,feature_accuracy,0.5,MLP,0.7126,0.6125,0.7229,70.4,C,1.0,1.0,1.0,1.0,0.9945,0.5307,1.0,0.1536,0.2045
TelcoCustomerChurn,feature_accuracy,0.5,RandomForest,0.7871,0.694,0.7952,70.4,C,1.0,1.0,1.0,1.0,0.9945,0.5307,1.0,0.1536,0.2045
TelcoCustomerChurn,feature_accuracy,0.5,SVC,0.6842,0.6637,0.8205,70.4,C,1.0,1.0,1.0,1.0,0.9945,0.5307,1.0,0.1536,0.2045
TelcoCustomerChurn,feature_accuracy,0.5,XGBoost,0.7722,0.7009,0.7828,70.4,C,1.0,1.0,1.0,1.0,0.9945,0.5307,1.0,0.1536,0.2045
TelcoCustomerChurn,feature_accuracy,0.75,LogisticRegression,0.7083,0.4216,0.4217,68.55,C,1.0,1.0,1.0,1.0,0.9718,0.5307,1.0,0.0921,0.1543
TelcoCustomerChurn,feature_accuracy,0.75,MLP,0.6331,0.5053,0.5302,68.55,C,1.0,1.0,1.0,1.0,0.9718,0.5307,1.0,0.0921,0.1543
TelcoCustomerChurn,feature_accuracy,0.75,RandomForest,0.7161,0.4314,0.4705,68.55,C,1.0,1.0,1.0,1.0,0.9718,0.5307,1.0,0.0921,0.1543
TelcoCustomerChurn,feature_accuracy,0.75,SVC,0.5323,0.4018,0.4203,68.55,C,1.0,1.0,1.0,1.0,0.9718,0.5307,1.0,0.0921,0.1543
TelcoCustomerChurn,feature_accuracy,0.75,XGBoost,0.6402,0.4373,0.4599,68.55,C,1.0,1.0,1.0,1.0,0.9718,0.5307,1.0,0.0921,0.1543
TelcoCustomerChurn,feature_accuracy,0.9,LogisticRegression,0.6494,0.4032,0.2694,69.07,C,1.0,1.0,1.0,1.0,0.9515,0.5307,1.0,0.068,0.2643
TelcoCustomerChurn,feature_accuracy,0.9,MLP,0.6026,0.4085,0.403,69.07,C,1.0,1.0,1.0,1.0,0.9515,0.5307,1.0,0.068,0.2643
TelcoCustomerChurn,feature_accuracy,0.9,RandomForest,0.7055,0.4228,0.2724,69.07,C,1.0,1.0,1.0,1.0,0.9515,0.5307,1.0,0.068,0.2643
TelcoCustomerChurn,feature_accuracy,0.9,SVC,0.4904,0.3636,0.2552,69.07,C,1.0,1.0,1.0,1.0,0.9515,0.5307,1.0,0.068,0.2643
TelcoCustomerChurn,feature_accuracy,0.9,XGBoost,0.5933,0.385,0.2355,69.07,C,1.0,1.0,1.0,1.0,0.9515,0.5307,1.0,0.068,0.2643
TelcoCustomerChurn,feature_accuracy,0.95,LogisticRegression,0.6444,0.4012,0.2377,69.29,C,1.0,1.0,1.0,1.0,0.9441,0.5307,1.0,0.0497,0.3268
TelcoCustomerChurn,feature_accuracy,0.95,MLP,0.6558,0.4076,0.3974,69.29,C,1.0,1.0,1.0,1.0,0.9441,0.5307,1.0,0.0497,0.3268
TelcoCustomerChurn,feature_accuracy,0.95,RandomForest,0.6941,0.4142,0.2661,69.29,C,1.0,1.0,1.0,1.0,0.9441,0.5307,1.0,0.0497,0.3268
TelcoCustomerChurn,feature_accuracy,0.95,SVC,0.4883,0.3624,0.2328,69.29,C,1.0,1.0,1.0,1.0,0.9441,0.5307,1.0,0.0497,0.3268
TelcoCustomerChurn,feature_accuracy,0.95,XGBoost,0.6253,0.4036,0.2667,69.29,C,1.0,1.0,1.0,1.0,0.9441,0.5307,1.0,0.0497,0.3268
TelcoCustomerChurn,none,0.0,LogisticRegression,0.8084,0.7389,0.8349,80.75,B,1.0,1.0,1.0,1.0,1.0,0.5307,1.0,0.2721,1.0
TelcoCustomerChurn,none,0.0,MLP,0.7509,0.6792,0.7632,80.75,B,1.0,1.0,1.0,1.0,1.0,0.5307,1.0,0.2721,1.0
TelcoCustomerChurn,none,0.0,RandomForest,0.7835,0.698,0.8055,80.75,B,1.0,1.0,1.0,1.0,1.0,0.5307,1.0,0.2721,1.0
TelcoCustomerChurn,none,0.0,SVC,0.8041,0.7303,0.8241,80.75,B,1.0,1.0,1.0,1.0,1.0,0.5307,1.0,0.2721,1.0
TelcoCustomerChurn,none,0.0,XGBoost,0.7835,0.7041,0.8124,80.75,B,1.0,1.0,1.0,1.0,1.0,0.5307,1.0,0.2721,1.0
TelcoCustomerChurn,uniqueness,0.1,LogisticRegression,0.8105,0.7425,0.8341,75.08,B,1.0,0.6666,1.0,1.0,1.0,0.5308,1.0,0.2387,1.0
TelcoCustomerChurn,uniqueness,0.1,MLP,0.7289,0.6656,0.7514,75.08,B,1.0,0.6666,1.0,1.0,1.0,0.5308,1.0,0.2387,1.0
TelcoCustomerChurn,uniqueness,0.1,RandomForest,0.7871,0.7051,0.8014,75.08,B,1.0,0.6666,1.0,1.0,1.0,0.5308,1.0,0.2387,1.0
TelcoCustomerChurn,uniqueness,0.1,SVC,0.7033,0.6807,0.7689,75.08,B,1.0,0.6666,1.0,1.0,1.0,0.5308,1.0,0.2387,1.0
TelcoCustomerChurn,uniqueness,0.1,XGBoost,0.7906,0.7183,0.8121,75.08,B,1.0,0.6666,1.0,1.0,1.0,0.5308,1.0,0.2387,1.0
TelcoCustomerChurn,uniqueness,0.25,LogisticRegression,0.8091,0.7406,0.8352,73.16,C,1.0,0.5,1.0,1.0,1.0,0.5307,1.0,0.2677,1.0
TelcoCustomerChurn,uniqueness,0.25,MLP,0.736,0.6549,0.7496,73.16,C,1.0,0.5,1.0,1.0,1.0,0.5307,1.0,0.2677,1.0
TelcoCustomerChurn,uniqueness,0.25,RandomForest,0.7757,0.6906,0.7928,73.16,C,1.0,0.5,1.0,1.0,1.0,0.5307,1.0,0.2677,1.0
TelcoCustomerChurn,uniqueness,0.25,SVC,0.7033,0.6807,0.825,73.16,C,1.0,0.5,1.0,1.0,1.0,0.5307,1.0,0.2677,1.0
TelcoCustomerChurn,uniqueness,0.25,XGBoost,0.7736,0.6954,0.8043,73.16,C,1.0,0.5,1.0,1.0,1.0,0.5307,1.0,0.2677,1.0
TelcoCustomerChurn,uniqueness,0.5,LogisticRegression,0.8105,0.7425,0.8346,71.37,C,1.0,0.3333,1.0,1.0,1.0,0.5307,1.0,0.3031,1.0
TelcoCustomerChurn,uniqueness,0.5,MLP,0.7232,0.6457,0.7413,71.37,C,1.0,0.3333,1.0,1.0,1.0,0.5307,1.0,0.3031,1.0
TelcoCustomerChurn,uniqueness,0.5,RandomForest,0.7771,0.6932,0.7891,71.37,C,1.0,0.3333,1.0,1.0,1.0,0.5307,1.0,0.3031,1.0
TelcoCustomerChurn,uniqueness,0.5,SVC,0.7033,0.6807,0.8188,71.37,C,1.0,0.3333,1.0,1.0,1.0,0.5307,1.0,0.3031,1.0
TelcoCustomerChurn,uniqueness,0.5,XGBoost,0.7779,0.7028,0.8089,71.37,C,1.0,0.3333,1.0,1.0,1.0,0.5307,1.0,0.3031,1.0
TelcoCustomerChurn,uniqueness,0.75,LogisticRegression,0.8084,0.7404,0.8355,69.53,C,1.0,0.25,1.0,1.0,1.0,0.5307,1.0,0.2738,1.0
TelcoCustomerChurn,uniqueness,0.75,MLP,0.7339,0.6555,0.734,69.53,C,1.0,0.25,1.0,1.0,1.0,0.5307,1.0,0.2738,1.0
TelcoCustomerChurn,uniqueness,0.75,RandomForest,0.775,0.6955,0.7909,69.53,C,1.0,0.25,1.0,1.0,1.0,0.5307,1.0,0.2738,1.0
TelcoCustomerChurn,uniqueness,0.75,SVC,0.7033,0.6807,0.828,69.53,C,1.0,0.25,1.0,1.0,1.0,0.5307,1.0,0.2738,1.0
TelcoCustomerChurn,uniqueness,0.75,XGBoost,0.7821,0.7068,0.8056,69.53,C,1.0,0.25,1.0,1.0,1.0,0.5307,1.0,0.2738,1.0
TelcoCustomerChurn,uniqueness,0.9,LogisticRegression,0.8098,0.7418,0.836,69.2,C,1.0,0.2,1.0,1.0,1.0,0.5307,1.0,0.2946,1.0
TelcoCustomerChurn,uniqueness,0.9,MLP,0.7594,0.6835,0.7714,69.2,C,1.0,0.2,1.0,1.0,1.0,0.5307,1.0,0.2946,1.0
TelcoCustomerChurn,uniqueness,0.9,RandomForest,0.7764,0.695,0.7951,69.2,C,1.0,0.2,1.0,1.0,1.0,0.5307,1.0,0.2946,1.0
TelcoCustomerChurn,uniqueness,0.9,SVC,0.7033,0.6807,0.8346,69.2,C,1.0,0.2,1.0,1.0,1.0,0.5307,1.0,0.2946,1.0
TelcoCustomerChurn,uniqueness,0.9,XGBoost,0.7913,0.7184,0.8108,69.2,C,1.0,0.2,1.0,1.0,1.0,0.5307,1.0,0.2946,1.0
TelcoCustomerChurn,uniqueness,0.95,LogisticRegression,0.8091,0.7411,0.8364,67.72,C,1.0,0.1667,1.0,1.0,1.0,0.5307,1.0,0.2458,1.0
TelcoCustomerChurn,uniqueness,0.95,MLP,0.7473,0.6715,0.7568,67.72,C,1.0,0.1667,1.0,1.0,1.0,0.5307,1.0,0.2458,1.0
TelcoCustomerChurn,uniqueness,0.95,RandomForest,0.7771,0.6926,0.7927,67.72,C,1.0,0.1667,1.0,1.0,1.0,0.5307,1.0,0.2458,1.0
TelcoCustomerChurn,uniqueness,0.95,SVC,0.7033,0.6807,0.8286,67.72,C,1.0,0.1667,1.0,1.0,1.0,0.5307,1.0,0.2458,1.0
TelcoCustomerChurn,uniqueness,0.95,XGBoost,0.7814,0.705,0.8133,67.72,C,1.0,0.1667,1.0,1.0,1.0,0.5307,1.0,0.2458,1.0
letter,class_balance,0.1,LogisticRegression,0.7678,0.7666,0.9773,92.2,A,1.0,0.9622,1.0,1.0,0.9549,0.9183,1.0,0.6903,1.0
letter,class_balance,0.1,MLP,0.938,0.9378,0.9989,92.2,A,1.0,0.9622,1.0,1.0,0.9549,0.9183,1.0,0.6903,1.0
letter,class_balance,0.1,RandomForest,0.9327,0.9324,0.9984,92.2,A,1.0,0.9622,1.0,1.0,0.9549,0.9183,1.0,0.6903,1.0
letter,class_balance,0.1,SVC,0.837,0.8368,0.992,92.2,A,1.0,0.9622,1.0,1.0,0.9549,0.9183,1.0,0.6903,1.0
letter,class_balance,0.1,XGBoost,0.932,0.9319,0.9987,92.2,A,1.0,0.9622,1.0,1.0,0.9549,0.9183,1.0,0.6903,1.0
letter,class_balance,0.25,LogisticRegression,0.7675,0.7653,0.9772,90.53,A,1.0,0.9613,1.0,1.0,0.9545,0.7549,1.0,0.6893,1.0
letter,class_balance,0.25,MLP,0.941,0.9405,0.9989,90.53,A,1.0,0.9613,1.0,1.0,0.9545,0.7549,1.0,0.6893,1.0
letter,class_balance,0.25,RandomForest,0.9303,0.93,0.9984,90.53,A,1.0,0.9613,1.0,1.0,0.9545,0.7549,1.0,0.6893,1.0
letter,class_balance,0.25,SVC,0.8407,0.8406,0.9922,90.53,A,1.0,0.9613,1.0,1.0,0.9545,0.7549,1.0,0.6893,1.0
letter,class_balance,0.25,XGBoost,0.9267,0.9264,0.9985,90.53,A,1.0,0.9613,1.0,1.0,0.9545,0.7549,1.0,0.6893,1.0
letter,class_balance,0.5,LogisticRegression,0.7602,0.7562,0.9771,88.2,B,1.0,0.9613,1.0,1.0,0.9537,0.5098,1.0,0.6959,1.0
letter,class_balance,0.5,MLP,0.9195,0.9191,0.9984,88.2,B,1.0,0.9613,1.0,1.0,0.9537,0.5098,1.0,0.6959,1.0
letter,class_balance,0.5,RandomForest,0.9247,0.9242,0.9978,88.2,B,1.0,0.9613,1.0,1.0,0.9537,0.5098,1.0,0.6959,1.0
letter,class_balance,0.5,SVC,0.8357,0.8358,0.9919,88.2,B,1.0,0.9613,1.0,1.0,0.9537,0.5098,1.0,0.6959,1.0
letter,class_balance,0.5,XGBoost,0.924,0.9233,0.9983,88.2,B,1.0,0.9613,1.0,1.0,0.9537,0.5098,1.0,0.6959,1.0
letter,class_balance,0.75,LogisticRegression,0.7462,0.738,0.9762,86.12,B,1.0,0.9589,1.0,1.0,0.9531,0.2647,1.0,0.7161,1.0
letter,class_balance,0.75,MLP,0.9243,0.9227,0.9981,86.12,B,1.0,0.9589,1.0,1.0,0.9531,0.2647,1.0,0.7161,1.0
letter,class_balance,0.75,RandomForest,0.9163,0.915,0.9962,86.12,B,1.0,0.9589,1.0,1.0,0.9531,0.2647,1.0,0.7161,1.0
letter,class_balance,0.75,SVC,0.8325,0.8317,0.9912,86.12,B,1.0,0.9589,1.0,1.0,0.9531,0.2647,1.0,0.7161,1.0
letter,class_balance,0.75,XGBoost,0.9165,0.915,0.9976,86.12,B,1.0,0.9589,1.0,1.0,0.9531,0.2647,1.0,0.7161,1.0
letter,class_balance,0.9,LogisticRegression,0.7285,0.7134,0.9747,84.74,B,1.0,0.9574,1.0,1.0,0.9529,0.1013,1.0,0.7299,1.0
letter,class_balance,0.9,MLP,0.9183,0.9157,0.9967,84.74,B,1.0,0.9574,1.0,1.0,0.9529,0.1013,1.0,0.7299,1.0
letter,class_balance,0.9,RandomForest,0.8992,0.8949,0.9932,84.74,B,1.0,0.9574,1.0,1.0,0.9529,0.1013,1.0,0.7299,1.0
letter,class_balance,0.9,SVC,0.825,0.8226,0.9894,84.74,B,1.0,0.9574,1.0,1.0,0.9529,0.1013,1.0,0.7299,1.0
letter,class_balance,0.9,XGBoost,0.904,0.9006,0.9964,84.74,B,1.0,0.9574,1.0,1.0,0.9529,0.1013,1.0,0.7299,1.0
letter,class_balance,0.95,LogisticRegression,0.72,0.7009,0.9742,84.71,B,1.0,0.9569,1.0,1.0,0.9529,0.0621,1.0,0.7488,1.0
letter,class_balance,0.95,MLP,0.9032,0.8998,0.9967,84.71,B,1.0,0.9569,1.0,1.0,0.9529,0.0621,1.0,0.7488,1.0
letter,class_balance,0.95,RandomForest,0.8968,0.8918,0.9923,84.71,B,1.0,0.9569,1.0,1.0,0.9529,0.0621,1.0,0.7488,1.0
letter,class_balance,0.95,SVC,0.8213,0.818,0.9891,84.71,B,1.0,0.9569,1.0,1.0,0.9529,0.0621,1.0,0.7488,1.0
letter,class_balance,0.95,XGBoost,0.899,0.894,0.9955,84.71,B,1.0,0.9569,1.0,1.0,0.9529,0.0621,1.0,0.7488,1.0
letter,completeness,0.1,LogisticRegression,0.646,0.6415,0.9521,82.24,B,0.9,0.996,1.0,1.0,0.89,0.9539,1.0,0.2656,1.0
letter,completeness,0.1,MLP,0.9275,0.9274,0.9982,82.24,B,0.9,0.996,1.0,1.0,0.89,0.9539,1.0,0.2656,1.0
letter,completeness,0.1,RandomForest,0.935,0.935,0.9987,82.24,B,0.9,0.996,1.0,1.0,0.89,0.9539,1.0,0.2656,1.0
letter,completeness,0.1,SVC,0.6883,0.6892,0.9609,82.24,B,0.9,0.996,1.0,1.0,0.89,0.9539,1.0,0.2656,1.0
letter,completeness,0.1,XGBoost,0.9455,0.9453,0.9992,82.24,B,0.9,0.996,1.0,1.0,0.89,0.9539,1.0,0.2656,1.0
letter,completeness,0.25,LogisticRegression,0.5343,0.5208,0.9299,75.94,B,0.75,0.9999,1.0,1.0,0.7939,0.9539,1.0,0.1215,1.0
letter,completeness,0.25,MLP,0.8702,0.8696,0.9958,75.94,B,0.75,0.9999,1.0,1.0,0.7939,0.9539,1.0,0.1215,1.0
letter,completeness,0.25,RandomForest,0.8975,0.8981,0.9961,75.94,B,0.75,0.9999,1.0,1.0,0.7939,0.9539,1.0,0.1215,1.0
letter,completeness,0.25,SVC,0.5543,0.5519,0.9326,75.94,B,0.75,0.9999,1.0,1.0,0.7939,0.9539,1.0,0.1215,1.0
letter,completeness,0.25,XGBoost,0.9243,0.9241,0.9987,75.94,B,0.75,0.9999,1.0,1.0,0.7939,0.9539,1.0,0.1215,1.0
letter,completeness,0.5,LogisticRegression,0.327,0.2927,0.9065,67.14,C,0.5,1.0,1.0,1.0,0.6336,0.9539,1.0,0.038,0.8674
letter,completeness,0.5,MLP,0.6827,0.6885,0.9726,67.14,C,0.5,1.0,1.0,1.0,0.6336,0.9539,1.0,0.038,0.8674
letter,completeness,0.5,RandomForest,0.8137,0.8153,0.9854,67.14,C,0.5,1.0,1.0,1.0,0.6336,0.9539,1.0,0.038,0.8674
letter,completeness,0.5,SVC,0.315,0.2827,0.9051,67.14,C,0.5,1.0,1.0,1.0,0.6336,0.9539,1.0,0.038,0.8674
letter,completeness,0.5,XGBoost,0.8625,0.8635,0.9957,67.14,C,0.5,1.0,1.0,1.0,0.6336,0.9539,1.0,0.038,0.8674
letter,completeness,0.75,LogisticRegression,0.202,0.1278,0.8846,56.86,D,0.25,0.9772,1.0,1.0,0.4728,0.9539,1.0,0.0217,0.4862
letter,completeness,0.75,MLP,0.2575,0.2164,0.8625,56.86,D,0.25,0.9772,1.0,1.0,0.4728,0.9539,1.0,0.0217,0.4862
letter,completeness,0.75,RandomForest,0.6693,0.6741,0.952,56.86,D,0.25,0.9772,1.0,1.0,0.4728,0.9539,1.0,0.0217,0.4862
letter,completeness,0.75,SVC,0.1465,0.0698,0.8727,56.86,D,0.25,0.9772,1.0,1.0,0.4728,0.9539,1.0,0.0217,0.4862
letter,completeness,0.75,XGBoost,0.7025,0.7057,0.977,56.86,D,0.25,0.9772,1.0,1.0,0.4728,0.9539,1.0,0.0217,0.4862
letter,completeness,0.9,LogisticRegression,0.1985,0.1472,0.8623,45.73,D,0.1,0.6126,1.0,1.0,0.3764,0.9539,1.0,0.0451,0.2221
letter,completeness,0.9,MLP,0.1113,0.0619,0.7286,45.73,D,0.1,0.6126,1.0,1.0,0.3764,0.9539,1.0,0.0451,0.2221
letter,completeness,0.9,RandomForest,0.45,0.4323,0.9064,45.73,D,0.1,0.6126,1.0,1.0,0.3764,0.9539,1.0,0.0451,0.2221
letter,completeness,0.9,SVC,0.0625,0.0137,0.8348,45.73,D,0.1,0.6126,1.0,1.0,0.3764,0.9539,1.0,0.0451,0.2221
letter,completeness,0.9,XGBoost,0.4338,0.4296,0.9225,45.73,D,0.1,0.6126,1.0,1.0,0.3764,0.9539,1.0,0.0451,0.2221
letter,completeness,0.95,LogisticRegression,0.088,0.0557,0.8147,40.01,D,0.05,0.3291,1.0,1.0,0.3445,0.9539,1.0,0.0565,0.168
letter,completeness,0.95,MLP,0.0498,0.0154,0.6447,40.01,D,0.05,0.3291,1.0,1.0,0.3445,0.9539,1.0,0.0565,0.168
letter,completeness,0.95,RandomForest,0.3688,0.3555,0.8799,40.01,D,0.05,0.3291,1.0,1.0,0.3445,0.9539,1.0,0.0565,0.168
letter,completeness,0.95,SVC,0.038,0.0044,0.7093,40.01,D,0.05,0.3291,1.0,1.0,0.3445,0.9539,1.0,0.0565,0.168
letter,completeness,0.95,XGBoost,0.4748,0.4668,0.9246,40.01,D,0.05,0.3291,1.0,1.0,0.3445,0.9539,1.0,0.0565,0.168
letter,feature_accuracy,0.1,LogisticRegression,0.758,0.7582,0.9763,90.89,A,1.0,1.0,1.0,1.0,0.9396,0.9539,1.0,0.5828,1.0
letter,feature_accuracy,0.1,MLP,0.938,0.9379,0.9993,90.89,A,1.0,1.0,1.0,1.0,0.9396,0.9539,1.0,0.5828,1.0
letter,feature_accuracy,0.1,RandomForest,0.9223,0.9226,0.9982,90.89,A,1.0,1.0,1.0,1.0,0.9396,0.9539,1.0,0.5828,1.0
letter,feature_accuracy,0.1,SVC,0.8223,0.823,0.9907,90.89,A,1.0,1.0,1.0,1.0,0.9396,0.9539,1.0,0.5828,1.0
letter,feature_accuracy,0.1,XGBoost,0.9325,0.9325,0.9989,90.89,A,1.0,1.0,1.0,1.0,0.9396,0.9539,1.0,0.5828,1.0
letter,feature_accuracy,0.25,LogisticRegression,0.715,0.7157,0.964,83.53,B,1.0,1.0,1.0,1.0,0.895,0.9539,1.0,0.3003,0.8514
letter,feature_accuracy,0.25,MLP,0.8265,0.8275,0.9932,83.53,B,1.0,1.0,1.0,1.0,0.895,0.9539,1.0,0.3003,0.8514
letter,feature_accuracy,0.25,RandomForest,0.8093,0.8127,0.9889,83.53,B,1.0,1.0,1.0,1.0,0.895,0.9539,1.0,0.3003,0.8514
letter,feature_accuracy,0.25,SVC,0.7545,0.758,0.9767,83.53,B,1.0,1.0,1.0,1.0,0.895,0.9539,1.0,0.3003,0.8514
letter,feature_accuracy,0.25,XGBoost,0.8177,0.8203,0.9932,83.53,B,1.0,1.0,1.0,1.0,0.895,0.9539,1.0,0.3003,0.8514
letter,feature_accuracy,0.5,LogisticRegression,0.649,0.6444,0.9411,74.48,C,1.0,1.0,1.0,1.0,0.7897,0.9539,1.0,0.1034,0.3924
letter,feature_accuracy,0.5,MLP,0.5082,0.5132,0.9343,74.48,C,1.0,1.0,1.0,1.0,0.7897,0.9539,1.0,0.1034,0.3924
letter,feature_accuracy,0.5,RandomForest,0.624,0.6296,0.9472,74.48,C,1.0,1.0,1.0,1.0,0.7897,0.9539,1.0,0.1034,0.3924
letter,feature_accuracy,0.5,SVC,0.6777,0.6809,0.9482,74.48,C,1.0,1.0,1.0,1.0,0.7897,0.9539,1.0,0.1034,0.3924
letter,feature_accuracy,0.5,XGBoost,0.599,0.604,0.9614,74.48,C,1.0,1.0,1.0,1.0,0.7897,0.9539,1.0,0.1034,0.3924
letter,feature_accuracy,0.75,LogisticRegression,0.6118,0.6039,0.9221,71.28,C,1.0,1.0,1.0,1.0,0.6812,0.9539,1.0,0.0415,0.2509
letter,feature_accuracy,0.75,MLP,0.2702,0.2771,0.8239,71.28,C,1.0,1.0,1.0,1.0,0.6812,0.9539,1.0,0.0415,0.2509
letter,feature_accuracy,0.75,RandomForest,0.4607,0.4619,0.8742,71.28,C,1.0,1.0,1.0,1.0,0.6812,0.9539,1.0,0.0415,0.2509
letter,feature_accuracy,0.75,SVC,0.6332,0.6349,0.9258,71.28,C,1.0,1.0,1.0,1.0,0.6812,0.9539,1.0,0.0415,0.2509
letter,feature_accuracy,0.75,XGBoost,0.4138,0.4223,0.9037,71.28,C,1.0,1.0,1.0,1.0,0.6812,0.9539,1.0,0.0415,0.2509
letter,feature_accuracy,0.9,LogisticRegression,0.594,0.5858,0.913,70.16,C,1.0,1.0,1.0,1.0,0.6231,0.9539,1.0,0.0286,0.1934
letter,feature_accuracy,0.9,MLP,0.1968,0.1995,0.7689,70.16,C,1.0,1.0,1.0,1.0,0.6231,0.9539,1.0,0.0286,0.1934
letter,feature_accuracy,0.9,RandomForest,0.3485,0.3507,0.8385,70.16,C,1.0,1.0,1.0,1.0,0.6231,0.9539,1.0,0.0286,0.1934
letter,feature_accuracy,0.9,SVC,0.6115,0.6122,0.9153,70.16,C,1.0,1.0,1.0,1.0,0.6231,0.9539,1.0,0.0286,0.1934
letter,feature_accuracy,0.9,XGBoost,0.3245,0.3282,0.8702,70.16,C,1.0,1.0,1.0,1.0,0.6231,0.9539,1.0,0.0286,0.1934
letter,feature_accuracy,0.95,LogisticRegression,0.585,0.5768,0.9104,69.91,C,1.0,1.0,1.0,1.0,0.6048,0.9539,1.0,0.0266,0.1818
letter,feature_accuracy,0.95,MLP,0.1787,0.1801,0.7534,69.91,C,1.0,1.0,1.0,1.0,0.6048,0.9539,1.0,0.0266,0.1818
letter,feature_accuracy,0.95,RandomForest,0.3478,0.3391,0.8353,69.91,C,1.0,1.0,1.0,1.0,0.6048,0.9539,1.0,0.0266,0.1818
letter,feature_accuracy,0.95,SVC,0.6078,0.6078,0.9123,69.91,C,1.0,1.0,1.0,1.0,0.6048,0.9539,1.0,0.0266,0.1818
letter,feature_accuracy,0.95,XGBoost,0.3105,0.3134,0.8558,69.91,C,1.0,1.0,1.0,1.0,0.6048,0.9539,1.0,0.0266,0.1818
letter,none,0.0,LogisticRegression,0.766,0.7644,0.9786,91.59,A,1.0,0.9401,1.0,1.0,0.9543,0.9539,1.0,0.6591,1.0
letter,none,0.0,MLP,0.957,0.957,0.9996,91.59,A,1.0,0.9401,1.0,1.0,0.9543,0.9539,1.0,0.6591,1.0
letter,none,0.0,RandomForest,0.9577,0.9577,0.9993,91.59,A,1.0,0.9401,1.0,1.0,0.9543,0.9539,1.0,0.6591,1.0
letter,none,0.0,SVC,0.8455,0.8447,0.9935,91.59,A,1.0,0.9401,1.0,1.0,0.9543,0.9539,1.0,0.6591,1.0
letter,none,0.0,XGBoost,0.9593,0.9592,0.9996,91.59,A,1.0,0.9401,1.0,1.0,0.9543,0.9539,1.0,0.6591,1.0
letter,uniqueness,0.1,LogisticRegression,0.768,0.7668,0.9787,85.9,B,1.0,0.6665,1.0,1.0,0.9544,0.7351,1.0,0.6888,1.0
letter,uniqueness,0.1,MLP,0.9555,0.9554,0.9995,85.9,B,1.0,0.6665,1.0,1.0,0.9544,0.7351,1.0,0.6888,1.0
letter,uniqueness,0.1,RandomForest,0.961,0.9609,0.9995,85.9,B,1.0,0.6665,1.0,1.0,0.9544,0.7351,1.0,0.6888,1.0
letter,uniqueness,0.1,SVC,0.8452,0.8445,0.9934,85.9,B,1.0,0.6665,1.0,1.0,0.9544,0.7351,1.0,0.6888,1.0
letter,uniqueness,0.1,XGBoost,0.9593,0.9592,0.9996,85.9,B,1.0,0.6665,1.0,1.0,0.9544,0.7351,1.0,0.6888,1.0
letter,uniqueness,0.25,LogisticRegression,0.7665,0.7654,0.9789,83.34,B,1.0,0.5,1.0,1.0,0.9543,0.7346,1.0,0.6861,1.0
letter,uniqueness,0.25,MLP,0.9593,0.9591,0.9996,83.34,B,1.0,0.5,1.0,1.0,0.9543,0.7346,1.0,0.6861,1.0
letter,uniqueness,0.25,RandomForest,0.9635,0.9633,0.9994,83.34,B,1.0,0.5,1.0,1.0,0.9543,0.7346,1.0,0.6861,1.0
letter,uniqueness,0.25,SVC,0.8482,0.8473,0.9933,83.34,B,1.0,0.5,1.0,1.0,0.9543,0.7346,1.0,0.6861,1.0
letter,uniqueness,0.25,XGBoost,0.9585,0.9585,0.9996,83.34,B,1.0,0.5,1.0,1.0,0.9543,0.7346,1.0,0.6861,1.0
letter,uniqueness,0.5,LogisticRegression,0.7665,0.7652,0.9788,80.89,B,1.0,0.3333,1.0,1.0,0.9543,0.7346,1.0,0.6886,1.0
letter,uniqueness,0.5,MLP,0.9557,0.9556,0.9993,80.89,B,1.0,0.3333,1.0,1.0,0.9543,0.7346,1.0,0.6886,1.0
letter,uniqueness,0.5,RandomForest,0.9635,0.9634,0.9996,80.89,B,1.0,0.3333,1.0,1.0,0.9543,0.7346,1.0,0.6886,1.0
letter,uniqueness,0.5,SVC,0.843,0.8422,0.9932,80.89,B,1.0,0.3333,1.0,1.0,0.9543,0.7346,1.0,0.6886,1.0
letter,uniqueness,0.5,XGBoost,0.9613,0.9612,0.9996,80.89,B,1.0,0.3333,1.0,1.0,0.9543,0.7346,1.0,0.6886,1.0
letter,uniqueness,0.75,LogisticRegression,0.7665,0.7651,0.9787,79.2,B,1.0,0.25,1.0,1.0,0.9541,0.7346,1.0,0.6669,1.0
letter,uniqueness,0.75,MLP,0.9627,0.9625,0.9994,79.2,B,1.0,0.25,1.0,1.0,0.9541,0.7346,1.0,0.6669,1.0
letter,uniqueness,0.75,RandomForest,0.9645,0.9644,0.9995,79.2,B,1.0,0.25,1.0,1.0,0.9541,0.7346,1.0,0.6669,1.0
letter,uniqueness,0.75,SVC,0.8465,0.8456,0.9932,79.2,B,1.0,0.25,1.0,1.0,0.9541,0.7346,1.0,0.6669,1.0
letter,uniqueness,0.75,XGBoost,0.963,0.9629,0.9996,79.2,B,1.0,0.25,1.0,1.0,0.9541,0.7346,1.0,0.6669,1.0
letter,uniqueness,0.9,LogisticRegression,0.7678,0.7664,0.9789,78.47,B,1.0,0.2,1.0,1.0,0.9545,0.7346,1.0,0.6677,1.0
letter,uniqueness,0.9,MLP,0.9633,0.9632,0.9995,78.47,B,1.0,0.2,1.0,1.0,0.9545,0.7346,1.0,0.6677,1.0
letter,uniqueness,0.9,RandomForest,0.9643,0.9642,0.9996,78.47,B,1.0,0.2,1.0,1.0,0.9545,0.7346,1.0,0.6677,1.0
letter,uniqueness,0.9,SVC,0.845,0.8439,0.9932,78.47,B,1.0,0.2,1.0,1.0,0.9545,0.7346,1.0,0.6677,1.0
letter,uniqueness,0.9,XGBoost,0.959,0.9589,0.9996,78.47,B,1.0,0.2,1.0,1.0,0.9545,0.7346,1.0,0.6677,1.0
letter,uniqueness,0.95,LogisticRegression,0.7642,0.7627,0.9788,78.07,B,1.0,0.1667,1.0,1.0,0.9546,0.7346,1.0,0.6727,1.0
letter,uniqueness,0.95,MLP,0.9663,0.9662,0.9997,78.07,B,1.0,0.1667,1.0,1.0,0.9546,0.7346,1.0,0.6727,1.0
letter,uniqueness,0.95,RandomForest,0.9653,0.9652,0.9995,78.07,B,1.0,0.1667,1.0,1.0,0.9546,0.7346,1.0,0.6727,1.0
letter,uniqueness,0.95,SVC,0.8445,0.8436,0.9931,78.07,B,1.0,0.1667,1.0,1.0,0.9546,0.7346,1.0,0.6727,1.0
letter,uniqueness,0.95,XGBoost,0.9615,0.9615,0.9996,78.07,B,1.0,0.1667,1.0,1.0,0.9546,0.7346,1.0,0.6727,1.0
